City_ID,City,Country,Lat,Lng,Max Temp,Humidity,Cloudiness,Wind Speed,Current Description
0,Busselton,AU,-33.65,115.3333,64.04,59,77,18.45,broken clouds
1,Lavrentiya,RU,65.5833,-171,-5.22,88,38,8.84,scattered clouds
2,Grand Forks,US,47.9417,-97.4337,8.53,85,75,6.91,broken clouds
3,Hermanus,ZA,-34.4187,19.2345,87.8,60,9,23.69,clear sky
4,Hobart,AU,-42.8794,147.3294,68.11,86,59,0,broken clouds
5,Albany,US,42.6001,-73.9662,16.81,70,21,1.74,few clouds
6,Sayyan,YE,15.1718,44.3244,65.34,35,2,6.89,clear sky
7,Ulaanbaatar,MN,47.9077,106.8832,-18.27,76,0,2.24,clear sky
8,Mar Del Plata,AR,-38.0023,-57.5575,69.1,62,40,3,scattered clouds
9,Hilo,US,19.7297,-155.09,67.62,79,40,6.91,scattered clouds
10,Ushuaia,AR,-54.8,-68.3,49.62,66,75,28.77,broken clouds
11,Punta Arenas,CL,-53.15,-70.9167,51.91,58,100,26.46,light rain
12,Georgetown,MY,5.4112,100.3354,85.89,59,20,0,few clouds
13,Along,IN,28.1667,94.7667,50.68,77,12,0.72,few clouds
14,Jamestown,US,42.097,-79.2353,19.29,89,0,0,clear sky
15,Puerto Ayora,EC,-0.7393,-90.3518,76.96,81,100,4.14,overcast clouds
16,Chokurdakh,RU,70.6333,147.9167,-24.72,97,27,4.36,scattered clouds
17,Porbandar,IN,21.6422,69.6093,73.69,71,0,11.97,clear sky
18,Mataura,NZ,-46.1927,168.8643,60.48,97,50,1.57,scattered clouds
19,Bengkulu,ID,-3.8004,102.2655,78.28,87,100,3.85,overcast clouds
20,Rikitea,PF,-23.1203,-134.9692,76.73,61,100,2.68,overcast clouds
21,Vaini,TO,-21.2,-175.2,79.57,76,100,12.93,light rain
22,Macenta,GN,8.5435,-9.471,96.6,9,70,5.68,broken clouds
23,Coquimbo,CL,-29.9533,-71.3436,65.93,77,75,9.22,broken clouds
24,Torbay,CA,47.6666,-52.7314,37.89,76,75,17.27,broken clouds
25,Norman Wells,CA,65.282,-126.8329,3.24,78,75,14.97,light snow
26,Victoria,HK,22.2855,114.1577,57.18,79,100,1.01,overcast clouds
27,Chapada Dos Guimaraes,BR,-15.4606,-55.7497,69.46,97,100,4.23,overcast clouds
28,Thohoyandou,ZA,-22.9456,30.485,78.57,55,94,5.7,overcast clouds
29,Deputatskiy,RU,69.3,139.9,-15.88,100,100,0.25,overcast clouds
30,Millau,FR,44.0833,2.9167,43.39,96,100,16.78,overcast clouds
31,Bluff,NZ,-46.6,168.3333,60.8,92,60,2.13,broken clouds
32,Shache,CN,38.4167,77.2406,30.81,38,99,6.67,overcast clouds
33,Ribeira Grande,PT,38.5167,-28.7,63,63,40,20.71,scattered clouds
34,Mount Gambier,AU,-37.8333,140.7667,60.67,94,0,4.85,clear sky
35,Jutai,BR,-5.1833,-68.9,83.21,67,88,3.56,overcast clouds
36,Fare,PF,-16.7,-151.0167,79.43,77,16,11.97,moderate rain
37,Caravelas,BR,-17.7125,-39.2481,89.53,52,73,10.4,broken clouds
38,Goundam,ML,16.4145,-3.6708,90.27,9,8,18.84,clear sky
39,Bitung,ID,1.4451,125.1824,77.85,83,97,8.32,overcast clouds
40,Vestmannaeyjar,IS,63.4427,-20.2734,32.99,100,100,34.52,sleet
41,Shimoda,JP,34.6667,138.95,34.11,64,45,4.52,scattered clouds
42,Shakiso,ET,5.75,38.9167,82.85,13,88,6.24,overcast clouds
43,Fortuna,US,40.5982,-124.1573,46.92,92,100,4,overcast clouds
44,Kaitangata,NZ,-46.2817,169.8464,55.87,97,38,2.06,scattered clouds
45,Farah,AF,32.5,62.5,51.71,38,13,2.82,few clouds
46,Lima,PE,-12.0432,-77.0282,77.9,70,0,4,clear sky
47,East London,ZA,-33.0153,27.9116,79.74,73,0,8.05,clear sky
48,Tariba,VE,7.8188,-72.2243,72.16,58,30,2.35,scattered clouds
49,Huilong,CN,31.8111,121.655,44.04,61,100,6.51,overcast clouds
50,Henties Bay,NA,-22.116,14.2845,74.86,70,71,10.38,broken clouds
51,Tuktoyaktuk,CA,69.4541,-133.0374,-7.6,84,75,5.75,broken clouds
52,Mount Isa,AU,-20.7333,139.5,76.77,100,75,4.61,broken clouds
53,Songjianghe,CN,42.1859,127.479,5.97,94,100,1.61,overcast clouds
54,Havre-Saint-Pierre,CA,50.2334,-63.5986,12.79,72,100,5.75,overcast clouds
55,Ardatov,RU,55.2421,43.097,30.87,93,90,10.98,overcast clouds
56,Qaqortoq,GL,60.7167,-46.0333,28.9,73,100,25.32,overcast clouds
57,Cidreira,BR,-30.1811,-50.2056,79.79,60,5,2.68,clear sky
58,Thompson,CA,55.7435,-97.8558,-3.84,84,100,4.61,overcast clouds
59,Ceyhan,TR,37.0247,35.8175,46.24,90,100,8.7,overcast clouds
60,Atuona,PF,-9.8,-139.0333,77.63,78,4,17.72,clear sky
61,Alvorada,BR,-12.48,-49.1247,80.56,77,92,2.39,light rain
62,Ambon,ID,-3.6954,128.1814,84.34,70,40,5.75,scattered clouds
63,Goderich,CA,43.7501,-81.7165,24.91,79,96,6.91,overcast clouds
64,Varhaug,NO,58.6147,5.6457,37.47,98,100,13.13,snow
65,Kangaatsiaq,GL,68.3065,-53.4641,6.44,78,100,3.6,overcast clouds
66,Masallatah,LY,32.6167,14,59.9,33,0,20.2,clear sky
67,Kavaratti,IN,10.5669,72.642,81.41,73,0,10.4,clear sky
68,Barrow,US,71.2906,-156.7887,-7.58,77,0,12.66,clear sky
69,New Norfolk,AU,-42.7826,147.0587,67.75,72,46,2.82,scattered clouds
70,Butaritari,KI,3.0707,172.7902,81.61,78,99,18.07,light rain
71,Longyearbyen,SJ,78.2186,15.6401,10.24,61,75,17.27,broken clouds
72,Lompoc,US,34.6391,-120.4579,55.78,86,40,4.61,scattered clouds
73,Ravar,IR,31.2656,56.8055,51.91,29,29,4,scattered clouds
74,Ekhabi,RU,53.5102,142.9671,4.26,91,100,26.13,overcast clouds
75,Yantal,RU,56.8471,105.2542,-6.47,100,99,2.26,overcast clouds
76,Gerash,IR,27.6652,54.1371,66.34,43,0,5.26,clear sky
77,Kodiak,US,57.79,-152.4072,17.11,79,0,5.75,clear sky
78,Hovd,MN,48.0056,91.6419,-11.83,84,3,2.75,clear sky
79,Virginia Beach,US,36.8529,-75.978,41,71,40,0,scattered clouds
80,Kapaa,US,22.0752,-159.319,69.12,83,100,6.91,overcast clouds
81,Lodja,CD,-3.4833,23.4333,72.52,94,100,2.75,light rain
82,Xinglongshan,CN,43.9561,125.4661,2.95,66,0,0,clear sky
83,Talnakh,RU,69.4865,88.3972,-10.88,88,98,9.13,overcast clouds
84,Bredasdorp,ZA,-34.5322,20.0403,86.29,61,94,17.27,overcast clouds
85,Iqaluit,CA,63.7506,-68.5145,-27.31,74,20,11.01,few clouds
86,Avera,US,33.194,-82.5271,43.92,76,100,7.14,overcast clouds
87,Asfi,MA,32.2994,-9.2372,73.04,44,56,8.81,broken clouds
88,Brufut,GM,13.3814,-16.7518,95.09,29,100,6.91,overcast clouds
89,Grand Gaube,MU,-20.0064,57.6608,83.37,64,100,10,overcast clouds
90,Port Lincoln,AU,-34.7333,135.8667,64.04,81,0,13.98,clear sky
91,Murray Bridge,AU,-35.1167,139.2667,75.69,68,88,13.49,light rain
92,Khatanga,RU,71.9667,102.5,-18.76,100,94,4.27,overcast clouds
93,Salalah,OM,17.0151,54.0924,77.09,61,0,6.91,clear sky
94,Bethel,US,41.3712,-73.414,24.49,70,0,0,clear sky
95,Klaksvik,FO,62.2266,-6.589,36.52,78,100,12.86,overcast clouds
96,Kondinskoye,RU,59.6481,67.41,3.79,97,100,3,overcast clouds
97,Novikovo,RU,51.1537,37.8879,31.1,92,100,15.9,snow
98,Dikson,RU,73.5069,80.5464,-4.58,94,96,21.07,overcast clouds
99,Castro,BR,-24.7911,-50.0119,71.35,78,85,3.2,overcast clouds
100,Sydney Mines,CA,46.2367,-60.2177,24.19,69,40,8.99,scattered clouds
101,Orlik,RU,52.5178,99.825,-18.53,89,24,2.48,few clouds
102,Otavi,NA,-19.65,17.3333,70.95,80,100,6.31,moderate rain
103,Naze,JP,28.3667,129.4833,52.39,65,21,10.71,few clouds
104,Codrington,AU,-38.2667,141.9667,62.46,88,0,7.25,clear sky
105,Pevek,RU,69.7008,170.3133,-19.62,100,92,1.61,overcast clouds
106,Pemangkat,ID,1.1667,108.9667,78.62,80,94,5.37,overcast clouds
107,Hambantota,LK,6.1241,81.1185,79.95,75,8,15.41,clear sky
108,Likhoy,RU,48.1266,40.2056,34.43,96,100,15.95,overcast clouds
109,Meulaboh,ID,4.1363,96.1285,80.74,77,100,3.04,overcast clouds
110,Lensk,RU,60.7253,114.9278,-0.83,98,96,4.85,overcast clouds
111,Skibbereen,IE,51.55,-9.2667,49.8,73,93,15.03,overcast clouds
112,Ulaangom,MN,49.9811,92.0667,-26.3,94,73,3.51,broken clouds
113,Portland,US,45.5234,-122.6762,40.62,90,75,3,broken clouds
114,Hithadhoo,MV,-0.6,73.0833,82.99,69,9,9.17,clear sky
115,Atambua,ID,-9.1061,124.8925,74.59,89,96,9.44,overcast clouds
116,Port Alfred,ZA,-33.5906,26.891,82.13,72,68,22.01,broken clouds
117,Cairns,AU,-16.9167,145.7667,81.07,88,75,1.14,broken clouds
118,Alamosa,US,37.4695,-105.87,17.11,84,0,0,clear sky
119,Port Hedland,AU,-20.3167,118.5667,84.25,79,100,19.57,overcast clouds
120,Magdagachi,RU,53.45,125.8,-6.65,94,23,4.25,few clouds
121,Shingu,JP,33.7333,135.9833,36.91,81,4,6.17,clear sky
122,Coaldale,CA,49.7167,-112.6185,38.01,56,75,26.46,broken clouds
123,Berlevag,NO,70.8578,29.0864,19.2,73,0,12.66,clear sky
124,Avarua,CK,-21.2078,-159.775,73.45,94,20,6.91,few clouds
125,Scarborough,GB,54.2797,-0.4044,46.22,56,88,4,overcast clouds
126,Burgeo,CA,47.6167,-57.6152,26.29,71,100,18.92,overcast clouds
127,Fort Frances,CA,48.5999,-93.4003,10.62,85,0,4.61,clear sky
128,Verkh-Usugli,RU,52.7,115.1667,-13.59,96,17,3.71,few clouds
129,Pedasi,PA,7.5333,-80.0333,83.07,75,98,18.7,overcast clouds
130,Matagami,CA,49.7502,-77.6328,-23.69,76,0,2.3,clear sky
131,Bahar,IR,34.9072,48.4414,33.6,56,100,2.42,overcast clouds
132,Kholodnyy,RU,62.7167,147.95,-15.45,99,97,3.6,overcast clouds
133,Jiangyou,CN,31.7667,104.7167,43.09,71,97,2.46,overcast clouds
134,Rockport,US,28.0206,-97.0544,65.05,98,100,4.61,mist
135,Eyl,SO,7.9803,49.8164,79.61,69,89,19.48,overcast clouds
136,Katsuura,JP,35.1333,140.3,40.1,42,0,6.89,clear sky
137,Port Augusta,AU,-32.5,137.7667,78.24,76,100,6.53,overcast clouds
138,La Huacana,MX,18.9667,-101.8167,66.04,67,0,2.59,clear sky
139,Bamiantong,CN,44.9333,130.5333,-9.87,99,37,2.89,scattered clouds
140,Emerald,AU,-23.5333,148.1667,81.34,60,12,12.06,few clouds
141,Vilhena,BR,-12.7406,-60.1458,70.02,100,100,14.97,moderate rain
142,Nikolskoye,RU,59.7035,30.7861,27.39,97,100,5.08,light snow
143,Rawson,AR,-43.3002,-65.1023,65.53,30,100,15.99,overcast clouds
144,Geneva,US,41.8875,-88.3054,24.84,81,0,0,mist
145,Keetmanshoop,NA,-26.5833,18.1333,84.74,44,95,13.58,light rain
146,Pangkalanbuun,ID,-2.6833,111.6167,75.43,94,100,2.98,overcast clouds
147,Rio Grande,BR,-32.035,-52.0986,87.91,58,0,4.07,clear sky
148,Wahiawa,US,21.5028,-158.0236,66.52,85,0,0,clear sky
149,Mbekenyera,TZ,-10,38.9833,78.55,89,82,4.72,light rain
150,Arraial Do Cabo,BR,-22.9661,-42.0278,87.66,66,75,6.91,broken clouds
151,Hobyo,SO,5.3505,48.5268,79.93,73,54,17.9,broken clouds
152,Urengoy,RU,65.9667,78.3667,3.09,98,100,6.8,overcast clouds
153,Isangel,VU,-19.55,169.2667,76.57,93,100,7.05,overcast clouds
154,Hamilton,US,39.1834,-84.5333,26.04,79,0,1.01,mist
155,Broome,US,42.2506,-75.833,15.35,82,0,0,clear sky
156,Pecos,US,31.4229,-103.4932,43.3,75,0,6.91,clear sky
157,Luderitz,NA,-26.6481,15.1594,70.3,76,47,8.75,scattered clouds
158,Haines Junction,CA,60.7522,-137.5108,-27.45,75,97,1.14,overcast clouds
159,Chuy,UY,-33.6971,-53.4616,81.36,51,4,11.03,clear sky
160,Lima Duarte,BR,-21.8425,-43.7931,72.16,93,100,4.18,moderate rain
161,Iranshahr,IR,27.2025,60.6848,71.94,33,0,4.61,clear sky
162,Yellowknife,CA,62.456,-114.3525,-16.58,82,75,10.36,light snow
163,Vardo,NO,70.3705,31.1107,26.58,74,40,4.61,scattered clouds
164,Faanui,PF,-16.4833,-151.75,79.9,75,17,11.18,light rain
165,Margate,GB,51.3813,1.3862,47.88,50,96,11.01,overcast clouds
166,Qaanaaq,GL,77.484,-69.3632,-15.21,66,99,7.27,overcast clouds
167,Channel-Port Aux Basques,CA,47.5702,-59.1367,24.71,74,100,20.96,overcast clouds
168,Esperance,AU,-33.8667,121.9,62.22,68,100,17.85,overcast clouds
169,Upernavik,GL,72.7868,-56.1549,-23.8,89,27,4.41,scattered clouds
170,Darhan,MN,49.4867,105.9228,-10.98,97,55,4.12,broken clouds
171,Gazojak,TM,41.1875,61.4036,37.33,60,66,9.98,broken clouds
172,Rabo De Peixe,PT,37.8,-25.5833,63.28,93,40,11.5,scattered clouds
173,Touros,BR,-5.1989,-35.4608,86.9,59,38,13.89,scattered clouds
174,Makakilo City,US,21.3469,-158.0858,68.32,86,0,4.61,clear sky
175,Cape Town,ZA,-33.9258,18.4232,81.88,59,0,4,clear sky
176,Sitka,US,57.0531,-135.33,30.09,93,75,3.44,broken clouds
177,Deniliquin,AU,-35.5333,144.9667,75.99,22,91,1.9,overcast clouds
178,Puerto Berrio,CO,6.4916,-74.4033,77.05,72,100,1.41,overcast clouds
179,Husavik,IS,66.0449,-17.3389,22.91,71,100,8.34,overcast clouds
180,Sacalum,MX,20.4833,-89.5833,65.89,73,0,6.96,clear sky
181,Flinders,AU,-34.5833,150.8552,75.2,86,24,5.99,few clouds
182,Cabo San Lucas,MX,22.8909,-109.9124,66.51,75,0,4.61,clear sky
183,Kathu,TH,7.9178,98.3332,86.7,81,45,4.54,scattered clouds
184,Airai,TL,-8.9266,125.4092,61.36,88,99,4.41,overcast clouds
185,Chitral,PK,35.8462,71.7858,30.87,76,30,5.46,scattered clouds
186,Veere,NL,51.5483,3.6667,45.01,79,75,20,broken clouds
187,Ostrovnoy,RU,68.0531,39.5131,6.46,97,88,7.65,overcast clouds
188,Klichka,RU,50.4457,117.996,-19.71,99,22,3.47,few clouds
189,Adrar,MR,20.5022,-10.0711,87.04,10,100,18.95,overcast clouds
190,Tuatapere,NZ,-46.1333,167.6833,60.82,96,11,3.13,few clouds
191,Sakakah,SA,29.9697,40.2064,63.97,36,100,9.1,overcast clouds
192,Kaeo,NZ,-35.1,173.7833,69.33,96,100,13.4,overcast clouds
193,Kruisfontein,ZA,-34.0033,24.7314,80.2,63,50,10.36,light rain
194,Swift Current,CA,50.2834,-107.8014,38.21,70,75,24.16,broken clouds
195,Surgut,RU,61.25,73.4167,6.98,84,40,7,scattered clouds
196,Vilyuysk,RU,63.7553,121.6247,-30.37,100,60,3.42,broken clouds
197,Gainesville,US,29.6516,-82.3248,52.95,82,0,1.01,clear sky
198,Wuwei,CN,37.9281,102.6414,20.86,41,66,2.1,broken clouds
199,The Valley,AI,18.217,-63.0578,84.06,69,20,12.66,few clouds
200,Codajas,BR,-3.8367,-62.0569,82.4,73,100,3.85,overcast clouds
201,Igarka,RU,67.4667,86.5833,-0.31,97,100,11.63,light snow
202,Nueva Germania,PY,-23.9,-56.5667,96.87,25,0,2.15,clear sky
203,Villavieja,ES,39.85,-0.1833,74.79,31,3,1.01,clear sky
204,Killybegs,IE,54.6333,-8.45,48.45,80,100,18.52,overcast clouds
205,Chara,RU,56.9064,118.2631,-20.15,87,55,1.12,broken clouds
206,Bend,US,44.0582,-121.3153,31.86,69,0,1.01,clear sky
207,Tsiroanomandidy,MG,-18.7667,46.0333,83.52,51,0,3.4,clear sky
208,Aykino,RU,62.2248,49.9922,4.15,98,71,3.91,broken clouds
209,Morgan City,US,29.6994,-91.2068,50,100,0,0,clear sky
210,Sarahan,IN,31.5167,77.8,33.89,73,29,4.9,scattered clouds
211,Paita,PE,-5.0892,-81.1144,75.76,74,99,9.95,overcast clouds
212,Cayenne,GF,4.9333,-52.3333,86.04,81,75,4,broken clouds
213,Mahebourg,MU,-20.4081,57.7,83.25,74,75,12.66,broken clouds
214,Quatre Cocos,MU,-20.2078,57.7625,83.08,79,100,23.51,overcast clouds
215,Verkhnyaya Toyma,RU,62.2349,44.9985,7.25,96,93,6.38,overcast clouds
216,Hualmay,PE,-11.0964,-77.6139,72.14,80,83,5.7,broken clouds
217,Oktyabrskiy,RU,54.4815,53.471,23.34,93,100,8.41,overcast clouds
218,El Limon,VE,10.3059,-67.6321,77.85,56,47,2.62,scattered clouds
219,Quzhou,CN,28.9594,118.8686,41.68,83,95,1.86,overcast clouds
220,San Carlos De Bariloche,AR,-41.1456,-71.3082,56.95,38,0,18.41,clear sky
221,Okha,RU,53.5739,142.9478,4.42,91,100,25.84,overcast clouds
222,Asyut,EG,27.181,31.1837,61.23,43,96,14.45,overcast clouds
223,Carnarvon,AU,-24.8667,113.6333,80.67,74,0,25.32,clear sky
224,Ixtapa,MX,20.7,-105.2,64.22,100,0,4.61,clear sky
225,Beaverlodge,CA,55.2166,-119.4361,-1.05,94,100,9.98,light snow
226,Roald,NO,62.5833,6.1333,35.01,93,100,17.27,snow
227,Ahipara,NZ,-35.1667,173.1667,68.52,93,100,13.02,overcast clouds
228,Luanda,AO,-8.8368,13.2343,86,62,20,10.36,few clouds
229,Pochutla,MX,15.7432,-96.4661,75.81,59,0,2.39,clear sky
230,La Rioja,ES,42.25,-2.5,54.05,72,100,11.63,overcast clouds
231,Diego De Almagro,CL,-26.3667,-70.05,66.51,50,0,5.41,clear sky
232,Opuwo,NA,-18.0607,13.84,87.85,17,92,16.37,overcast clouds
233,Kloulklubed,PW,7.0419,134.2556,81.1,78,100,17.16,overcast clouds
234,Baruun-Urt,MN,46.6806,113.2792,-7.15,95,7,5.19,clear sky
235,Guerrero Negro,MX,27.9769,-114.0611,57.15,79,100,6.46,overcast clouds
236,Boffa,GN,10.1667,-14.0333,95.5,37,20,9.62,few clouds
237,Markova,UA,48.6758,24.4138,35.19,76,58,4.54,broken clouds
238,Plettenberg Bay,ZA,-34.0527,23.3716,78.62,70,39,6.76,scattered clouds
239,Eston,CA,51.1501,-108.7514,35.49,85,100,4.34,overcast clouds
240,Bowen,AU,-20.0167,148.2333,80.76,81,20,8.66,few clouds
241,Suntar,RU,62.1444,117.6319,-14.91,100,96,2.42,overcast clouds
242,Ola,RU,59.5833,151.2833,3.74,83,100,11.81,overcast clouds
243,Taoudenni,ML,22.6783,-3.9836,83.23,6,82,18.63,broken clouds
244,Nome,US,64.5011,-165.4064,-2.88,77,0,0,clear sky
245,Yerbogachen,RU,61.2767,108.0108,-9.18,99,98,2.86,overcast clouds
246,Tasiilaq,GL,65.6145,-37.6368,12.36,81,100,9.04,overcast clouds
247,Kenai,US,60.5544,-151.2583,1.02,86,0,0,clear sky
248,Tacuarembo,UY,-31.7333,-55.9833,89.87,24,1,11.59,clear sky
249,Bealanana,MG,-14.55,48.7333,75.7,69,64,5.12,light rain
250,Porto Novo,BJ,6.4965,2.6036,91.22,16,18,12.82,few clouds
251,Sao Filipe,CV,14.8961,-24.4956,72.12,73,100,2.66,overcast clouds
252,Areka,ET,7.0667,37.7,80.28,21,100,4.79,overcast clouds
253,Celestun,MX,20.8667,-90.4,63.77,74,0,13.8,clear sky
254,Alice Springs,AU,-23.7,133.8833,72.95,100,100,6.91,light rain
255,Yabrud,SY,33.9674,36.6574,42.46,61,100,2.8,overcast clouds
256,Tacna,PE,-18.0056,-70.2483,70,49,0,3.44,clear sky
257,Mumford,GH,5.2618,-0.759,84.49,49,100,12.08,overcast clouds
258,Kulhudhuffushi,MV,6.6221,73.07,81.79,75,14,8.63,few clouds
259,Sabang,ID,5.8933,95.3214,82.74,72,59,14.5,broken clouds
260,Maniitsoq,GL,65.4167,-52.9,11.66,66,100,11.3,overcast clouds
261,Assiniboia,CA,49.6334,-105.9845,39.11,69,100,13.8,overcast clouds
262,Lomza,PL,53.1781,22.0593,35.83,78,96,12.93,overcast clouds
263,Olinda,BR,-8.0089,-34.8553,85.73,70,40,11.5,scattered clouds
264,Atherton,GB,53.5237,-2.4935,47.28,76,29,4,scattered clouds
265,Poum,NC,-20.2333,164.0167,80.31,74,99,9.95,overcast clouds
266,Rio Claro,BR,-22.4114,-47.5614,73.4,94,100,9.69,light rain
267,Samarai,PG,-10.6167,150.6667,81.3,79,100,10.33,overcast clouds
268,Beringovskiy,RU,63.05,179.3167,0.07,92,100,12.64,overcast clouds
269,Bombay,IN,19.0144,72.8479,76.98,50,0,5.75,smoke
270,Galle,LK,6.0367,80.217,78.58,82,26,4.74,scattered clouds
271,Pontal Do Parana,BR,-25.6533,-48.5128,84.72,73,60,4.18,broken clouds
272,Te Anau,NZ,-45.4167,167.7167,57.56,97,36,0.85,scattered clouds
273,Sai Buri,TH,6.7013,101.6168,77.76,82,64,9.31,broken clouds
274,Tiksi,RU,71.6872,128.8694,-9.72,99,100,6.58,overcast clouds
275,Nauta,PE,-4.5061,-73.5757,84.61,56,100,2.48,overcast clouds
276,Igrim,RU,63.1906,64.4162,-10.35,100,89,3.33,overcast clouds
277,Uruzgan,AF,32.8333,66,41.2,53,1,2.1,clear sky
278,Alpena,US,45.0617,-83.4327,17.85,86,0,5.75,clear sky
279,Faya,SA,18.3851,42.4509,62.71,65,40,9.78,scattered clouds
280,Lakes Entrance,AU,-37.8811,147.981,70.57,90,0,5.7,clear sky
281,Ati,TD,13.2154,18.3353,83.77,9,0,15.84,clear sky
282,Parang,PH,7.3704,124.2697,75.38,86,98,3,overcast clouds
283,Muisne,EC,0.6,-80.0333,73.51,84,87,2.59,light rain
284,Vila Do Maio,CV,15.1333,-23.2167,70.59,74,100,11.03,overcast clouds
285,Laguna,US,38.421,-121.4238,50.65,91,0,0,clear sky
286,Mazatlan,MX,23.2167,-106.4167,63.01,82,0,0,clear sky
287,Ketchikan,US,55.3422,-131.6461,34.27,93,100,3.44,overcast clouds
288,Phek,IN,25.6667,94.5,41.5,91,89,0.98,overcast clouds
289,Prata,BR,-19.3072,-48.9242,74.44,83,100,13.29,light rain
290,Woodlyn,US,39.8723,-75.3371,27.25,62,75,5.75,broken clouds
291,Vao,NC,-22.6667,167.4833,78.66,81,100,5.21,overcast clouds
292,Kutum,SD,14.2,24.6667,70.12,12,25,12.35,scattered clouds
293,Nelson Bay,AU,-32.7167,152.15,74.95,92,4,8.23,clear sky
294,Hervey Bay,AU,-25.2986,152.8535,78.91,79,94,6.82,overcast clouds
295,Bilibino,RU,68.0546,166.4372,-8.48,78,100,5.64,overcast clouds
296,Saint-Pierre,RE,-21.3393,55.4781,85.64,74,40,23.02,scattered clouds
297,Buritis,BR,-15.6178,-46.4233,79.09,71,100,6.02,overcast clouds
298,Mamaku,NZ,-38.1,176.0833,62.42,89,100,3.31,overcast clouds
299,Saint-Philippe,RE,-21.3585,55.7679,85.55,81,82,13.6,broken clouds
300,Mantua,IT,45.1667,10.7833,52.48,74,39,1.99,scattered clouds
301,Nantucket,US,41.2835,-70.0995,25.14,49,0,4.61,clear sky
302,Tromso,NO,69.6496,18.957,28.42,64,75,17.27,broken clouds
303,Marseille,FR,43.3333,5.5,54.91,51,83,31,broken clouds
304,Moose Jaw,CA,50.4001,-105.5344,37.67,70,100,18.41,overcast clouds
305,Baiyin,CN,36.5583,104.2081,14.88,46,1,2.66,clear sky
306,Zhangye,CN,38.9342,100.4517,22.19,27,100,4.41,overcast clouds
307,Phalaborwa,ZA,-23.943,31.1411,85.28,36,47,8.63,scattered clouds
308,Tambura,SS,5.6,27.4667,96.37,11,38,5.21,scattered clouds
309,Bendigo,AU,-36.7667,144.2833,72.59,52,0,4.03,clear sky
310,Ucluelet,CA,48.9329,-125.5528,39.09,89,58,18.88,broken clouds
311,Yuzhou,CN,34.1628,113.4639,32.27,42,100,3.33,overcast clouds
312,Cherskiy,RU,68.75,161.3,-26.41,100,100,1.12,overcast clouds
313,Eyrarbakki,IS,63.863,-21.1481,33.04,99,100,20.67,light snow
314,Erdenet,MN,49.0333,104.0833,-9.63,95,21,3.65,few clouds
315,Kidal,ML,18.4411,1.4078,81.68,8,1,17.13,clear sky
316,Seoul,KR,37.5683,126.9778,33.24,93,100,3.44,snow
317,Kungurtug,RU,50.5994,97.5228,-16.22,99,55,1.81,broken clouds
318,Dahuk,IQ,36.8695,42.994,43.93,61,100,2.75,overcast clouds
319,Saskylakh,RU,71.9167,114.0833,-27.47,100,86,2.75,overcast clouds
320,Yulara,AU,-25.2406,130.9889,76.84,100,100,11.5,overcast clouds
321,Bartica,GY,6.4,-58.6167,84.52,86,96,3.27,overcast clouds
322,Dinguiraye,GN,11.3,-10.7167,94.15,7,9,8.97,clear sky
323,Itoman,JP,26.1247,127.6694,59.02,63,4,10.36,clear sky
324,Cheremukhovo,RU,60.3484,59.9851,4.12,98,100,0.18,overcast clouds
325,Bogotol,RU,56.2078,89.5342,-2.74,93,5,6.69,clear sky
326,Severo-Kurilsk,RU,50.6789,156.125,26.04,75,100,14.12,overcast clouds
327,Kozhva,RU,65.1073,57.0459,-0.17,98,80,4.47,broken clouds
328,Buzmeyin,TM,38.0507,58.2056,51.53,32,0,4.61,clear sky
329,Jardim,BR,-21.4803,-56.1381,80.47,73,100,6.73,overcast clouds
330,Tobias Barreto,BR,-11.1839,-37.9983,90.46,40,7,8.88,clear sky
331,Labytnangi,RU,66.6572,66.4183,-14.21,100,72,2.08,broken clouds
332,Summerville,US,33.0185,-80.1757,50.81,76,20,1.01,few clouds
333,Requena,ES,39.4883,-1.1004,67.51,26,0,17,clear sky
334,Lubbock,US,33.6001,-101.8338,37.15,61,20,1.99,few clouds
335,Sao Gabriel Da Cachoeira,BR,-0.1303,-67.0892,85.8,74,0,5.75,clear sky
336,Bathsheba,BB,13.2167,-59.5167,83.01,74,40,17.27,scattered clouds
337,Kasongo-Lunda,CD,-6.4667,16.8167,85.86,57,68,4.29,broken clouds
338,Saint-Joseph,RE,-21.3667,55.6167,84.56,78,72,15.12,broken clouds
339,Rawah,IQ,34.4816,41.9093,56.55,34,24,12.1,few clouds
340,Lorengau,PG,-2.0226,147.2712,80.2,83,100,12.86,light rain
341,Kahului,US,20.8947,-156.47,72.84,78,0,0,clear sky
342,Nakusp,CA,50.2499,-117.8023,34.47,93,100,0,overcast clouds
343,Clyde River,CA,70.4692,-68.5914,-28.97,75,0,5.75,clear sky
344,Kysyl-Syr,RU,63.8986,122.7617,-27.33,100,44,4.16,scattered clouds
345,Camocim,BR,-2.9022,-40.8411,86.5,62,83,10.98,broken clouds
346,Sikasso,ML,10.9167,-7,96.8,7,84,10.31,broken clouds
347,Leningradskiy,RU,69.3833,178.4167,-17.48,93,37,6.62,scattered clouds
348,Jumla,NP,29.2747,82.1838,35.67,91,26,3.2,scattered clouds
349,Hanzhong,CN,33.0728,107.0303,41.88,65,100,1.43,overcast clouds
350,Awbari,LY,26.5921,12.7805,60.73,28,0,4.29,clear sky
351,Martil,MA,35.6166,-5.2752,69.76,60,0,3.44,clear sky
352,Grafton,US,42.207,-71.6856,20.35,57,0,1.99,clear sky
353,Leshukonskoye,RU,64.8989,45.7622,7.86,96,100,4.38,overcast clouds
354,Saint George,US,37.1041,-113.5841,43.54,50,0,3.44,clear sky
355,Yasnyy,RU,51.0333,59.8742,24.26,97,100,8.32,overcast clouds
356,Palana,RU,59.1167,159.9667,9.66,84,55,14.25,broken clouds
357,College,US,64.8569,-147.8028,-27.02,69,40,0,light snow
358,San Patricio,US,28.017,-97.5169,64.89,91,100,7.31,overcast clouds
359,Jamkhed,IN,18.7362,75.3121,77.79,16,0,5.91,clear sky
360,Tutoia,BR,-2.7619,-42.2744,91.38,63,100,10.47,overcast clouds
361,Mosquera,CO,4.7059,-74.2302,57.29,67,75,2.3,broken clouds
362,Bayir,TR,37.2687,28.2167,50.83,60,6,6.13,clear sky
363,Soyo,AO,-6.1349,12.3689,83.34,70,38,9.06,light rain
364,Lieksa,FI,63.3167,30.0167,17.1,89,100,11.01,overcast clouds
365,Manoel Urbano,BR,-8.8389,-69.2597,81.21,71,100,2.93,overcast clouds
366,Kashi,CN,39.4547,75.9797,29.41,34,20,4.47,few clouds
367,General Pico,AR,-35.6566,-63.7568,70.2,40,0,8.99,clear sky
368,Nioro,GM,13.35,-15.75,101.41,8,99,8.93,overcast clouds
369,Bambous Virieux,MU,-20.3428,57.7575,83.21,74,75,12.66,light rain
370,Evreux,FR,49.0241,1.1508,48.06,53,20,20.71,few clouds
371,Ilulissat,GL,69.2167,-51.1,10.42,52,75,10.36,broken clouds
372,Villa Union,MX,23.2,-106.2333,63.01,93,0,0,clear sky
373,Esil,KZ,51.9556,66.4042,19.99,93,100,17.29,light snow
374,Baherden,TM,38.4362,57.4316,50.61,38,0,5.79,clear sky
375,Nanortalik,GL,60.1432,-45.2371,25.41,79,99,34.92,light snow
376,Hofn,IS,64.2539,-15.2082,26.62,59,100,10.36,light snow
377,Nadym,RU,65.5333,72.5167,-8.52,100,100,6.71,overcast clouds
378,Itarema,BR,-2.9248,-39.9167,86.94,60,57,13.94,broken clouds
379,Banda Aceh,ID,5.5577,95.3222,79.68,82,51,10.92,broken clouds
380,Manubul,PH,5.4732,120.7986,82.31,76,64,7.31,broken clouds
381,Port Elizabeth,ZA,-33.918,25.5701,90.1,83,0,14.97,clear sky
382,Methven,NZ,-43.6333,171.65,59.47,100,100,1.99,overcast clouds
383,Ahualulco,MX,22.4,-101.1667,51.62,37,0,5.77,clear sky
384,Macultepec,MX,18.1667,-92.8333,65.08,82,0,0,clear sky
385,Westport,US,41.1415,-73.3579,27.91,57,0,4,clear sky
386,Pisco,PE,-13.7,-76.2167,73.45,73,40,4.61,scattered clouds
387,Okhotsk,RU,59.3833,143.3,10.04,77,99,18.95,overcast clouds
388,Hohhot,CN,40.8106,111.6522,5.29,56,0,6.71,clear sky
389,Geraldton,AU,-28.7667,114.6,75.61,78,83,16.11,broken clouds
390,Shenkursk,RU,62.1091,42.896,7.43,96,100,5.95,overcast clouds
391,Maroantsetra,MG,-15.4333,49.7333,80.53,79,91,9.78,light rain
392,Broken Hill,AU,-31.95,141.4333,74.91,83,75,9.22,broken clouds
393,Emirdag,TR,39.0197,31.15,32.34,93,68,1.28,broken clouds
394,Tongzi,CN,28.7829,105.0877,48.85,67,91,3.2,overcast clouds
395,Tura,IN,25.5198,90.2201,55.72,58,7,3.56,clear sky
396,Bonavista,CA,48.6499,-53.1147,30.2,69,94,15.9,overcast clouds
397,Tadine,NC,-21.55,167.8833,78.13,89,100,5.55,overcast clouds
398,Pudozh,RU,61.8099,36.5345,15.84,93,100,8.32,overcast clouds
399,Kismayo,SO,-0.3582,42.5454,80.92,70,30,16.13,scattered clouds
400,Kalas,IN,18.1667,74.8,76.89,19,0,2.37,clear sky
401,Hasaki,JP,35.7333,140.8333,36.28,38,0,15.73,clear sky
402,Puri,IN,19.8,85.85,70.32,59,4,10.33,clear sky
403,Anadyr,RU,64.75,177.4833,7.3,78,0,4.47,clear sky
404,Nhulunbuy,AU,-12.2333,136.7667,81.21,83,40,11.5,scattered clouds
405,Semirom,IR,31.4167,51.5667,30.85,54,99,4.23,overcast clouds
406,Saldanha,ZA,-33.0117,17.9442,89.65,69,57,15.3,broken clouds
407,Tiarei,PF,-17.5333,-149.3333,75.22,77,55,18.03,light rain
408,Galesong,ID,-5.3166,119.3661,77.02,83,100,8.08,overcast clouds
409,Roma,US,43.2128,-75.4557,18.88,72,20,3.44,few clouds
410,Yuksekova,TR,37.5736,44.2872,29.03,90,100,1.01,overcast clouds
411,Walvis Bay,NA,-22.9575,14.5053,75.09,71,27,10.04,scattered clouds
412,Havelock,US,34.8791,-76.9013,44.92,81,97,1.01,overcast clouds
413,Manono,CD,-7.3,27.4167,71.01,92,100,4.38,overcast clouds
414,Richards Bay,ZA,-28.783,32.0377,85.6,63,60,15.79,broken clouds
415,Gualeguay,AR,-33.1416,-59.3097,78.28,51,0,12.21,clear sky
416,Chicama,PE,-7.8447,-79.1469,64.94,74,93,4.34,overcast clouds
417,Makat,KZ,47.6469,53.3463,31.12,96,84,9.71,broken clouds
418,Sao Joao Da Barra,BR,-21.6403,-41.0511,86.09,76,92,4.5,overcast clouds
419,Baft,IR,29.234,56.6057,47.52,33,0,5.75,clear sky
420,Oyama,JP,36.3,139.8,40.66,36,0,9.13,clear sky
421,Nioaque,BR,-21.1353,-55.83,80.62,72,97,6.69,overcast clouds
422,Puerto Escondido,MX,15.85,-97.0667,74.23,83,0,6.91,clear sky
423,Manzhouli,CN,49.6,117.4333,-12.12,95,6,6.53,clear sky
424,Svetlaya,RU,46.5389,138.3297,6.8,74,10,10.45,clear sky
425,Imbituba,BR,-28.24,-48.6703,82.29,63,10,7.72,clear sky
426,Narsaq,GL,60.9167,-46.05,28.62,88,100,16.64,snow
427,Bandiagara,ML,14.3501,-3.6104,89.94,8,4,18.57,clear sky
428,Ojinaga,MX,29.5667,-104.4167,50.41,61,0,5.75,clear sky
429,Zhuhai,CN,22.2769,113.5678,55.18,76,40,16.11,scattered clouds
430,Santa Cruz De Tenerife,ES,28.4682,-16.2546,71.69,61,20,5.01,few clouds
431,Fairbanks,US,64.8378,-147.7164,-18.9,70,0,0,light snow
432,Olafsvik,IS,64.8945,-23.7142,27.93,95,100,20.07,snow
433,Alto Araguaia,BR,-17.3147,-53.2153,68.88,97,100,5.99,moderate rain
434,Aswan,EG,24.0934,32.907,65.39,23,0,15.43,clear sky
435,Russkaya Polyana,UA,49.417,31.9201,31.21,80,100,17.49,overcast clouds
436,Muriwai Beach,NZ,-36.8167,174.45,70.36,83,100,13.24,overcast clouds
437,Wagar,SD,16.1525,36.2032,84,21,3,14.16,clear sky
438,Amapa,BR,1,-52,76.12,91,94,2.46,overcast clouds
439,Fujin,CN,47.26,132.0322,-8.64,100,74,5.66,broken clouds
440,Northam,GB,51.0333,-4.2167,48.9,76,92,21.88,overcast clouds
441,Emsdetten,DE,52.1833,7.5333,44.76,81,75,8.05,broken clouds
442,Demirci,TR,39.0461,28.6589,35.44,77,24,1.99,few clouds
443,Mangrol,IN,21.1167,70.1167,72.73,79,0,13.6,clear sky
444,Muros,ES,42.7762,-9.0603,59.68,58,13,14.09,few clouds
445,Kawalu,ID,-7.3817,108.2082,74.08,94,100,1.59,light rain
446,Linguere,SN,15.3953,-15.1193,100.71,6,74,18.84,broken clouds
447,Maceio,BR,-9.6658,-35.7353,90.84,51,40,13.8,scattered clouds
448,Weimar,DE,50.9833,11.3167,41.59,82,100,14.41,overcast clouds
449,Ponta Do Sol,PT,32.6667,-17.1,66.83,72,11,8.95,few clouds
450,Alofi,NU,-19.0595,-169.9187,67.89,100,40,1.14,scattered clouds
451,Colac,AU,-38.3333,143.5833,67.15,89,0,3.04,light rain
452,Karratha,AU,-20.7377,116.8463,83.35,74,99,23.17,overcast clouds
453,Smithers,CA,54.7804,-127.1743,19.72,86,100,2.3,light snow
454,Tevriz,RU,57.509,72.4042,13.71,95,100,5.61,light snow
455,Marsh Harbour,BS,26.5412,-77.0636,64.26,52,6,11.9,clear sky
456,Elat,IL,29.5581,34.9482,62.44,34,75,6.91,broken clouds
457,Klyuchi,RU,52.2667,79.1667,11.91,96,95,7.54,overcast clouds
458,Port-Gentil,GA,-0.7193,8.7815,87.76,70,20,10.36,few clouds
459,Leo,BF,11.1,-2.1,93.65,6,33,14.47,scattered clouds
460,Olga,RU,43.7444,135.2892,8.74,72,0,6.02,clear sky
461,Dingle,PH,10.9995,122.6711,75.36,91,37,6.78,scattered clouds
462,Toora-Khem,RU,52.4675,96.11,-18.62,100,17,0.36,few clouds
463,Lebu,CL,-37.6167,-73.65,61,60,0,19.24,clear sky
464,Bose,IT,45.4612,8.0137,58.59,45,0,5.82,clear sky
465,Hun,LY,29.1268,15.9477,61.99,29,0,6.87,clear sky
466,Kaura Namoda,NG,12.5898,6.5779,83.97,9,3,18.9,clear sky
467,Naifaru,MV,5.4444,73.3657,82.69,76,12,17.16,few clouds
468,Enid,US,36.3956,-97.8784,37.31,64,0,1.01,clear sky
469,Saravan,AM,39.7196,45.6483,25.45,90,61,4.74,broken clouds
470,Jaggayyapeta,IN,16.9,80.1,74.89,22,0,1.05,clear sky
471,Tual,ID,-5.6667,132.75,83.8,76,100,19.73,light rain
472,Sibolga,ID,1.7427,98.7792,76.44,91,100,2.89,moderate rain
473,Broadview Heights,US,41.3139,-81.6851,19.54,88,20,3,mist
474,Lazaro Cardenas,MX,17.9583,-102.2,70.7,80,0,4.61,clear sky
475,Oranjemund,NA,-28.55,16.4333,72.84,74,36,11.99,scattered clouds
476,Norrtalje,SE,59.758,18.705,28.33,71,40,11.5,scattered clouds
477,Kadyy,RU,57.787,43.1903,24.62,96,100,8.9,light snow
478,Medveda,RU,56.5081,92.4078,-6.83,100,31,2.37,scattered clouds
479,Gbarnga,LR,6.9956,-9.4722,97.61,13,64,5.73,broken clouds
480,Ukiah,US,39.1502,-123.2078,49.01,92,0,3.44,clear sky
481,Porto Seguro,BR,-16.4497,-39.0647,88.32,66,75,11.5,broken clouds
482,Stryn,NO,61.9045,6.7226,34.99,93,100,4.99,light snow
483,Danville,US,36.586,-79.395,34.52,59,0,5.75,clear sky
484,Mitsamiouli,KM,-11.3847,43.2844,84.49,70,75,9.22,light rain
485,Saint-Augustin,CA,51.226,-58.6502,3.56,88,45,3.85,scattered clouds
486,Petropavlovsk-Kamchatskiy,RU,53.0452,158.6483,9.19,92,40,6.71,scattered clouds
487,Anito,PH,12.4497,125.2886,76.84,89,16,6.24,few clouds
488,Ancud,CL,-41.8697,-73.8203,58.53,61,11,2.46,few clouds
489,Kalmunai,LK,7.4167,81.8167,78.19,77,1,9.51,clear sky
490,Upata,VE,8.0086,-62.3989,81.03,55,72,7.45,broken clouds
491,Katobu,ID,-4.9408,122.5276,76.87,81,95,1.74,overcast clouds
492,Balkhash,KZ,46.844,74.9804,8.19,88,46,8.86,scattered clouds
493,Vostok,RU,46.4856,135.8833,-15.61,99,73,4.81,broken clouds
494,Fort Smith,US,35.3859,-94.3986,41.2,72,0,5.01,clear sky
495,Nachingwea,TZ,-10.3833,38.7667,78.01,88,81,3.98,moderate rain
496,Limbang,MY,4.75,115,80.91,96,12,1.61,few clouds
497,Derzhavinsk,KZ,51.1,66.3167,16.86,93,100,13.96,overcast clouds
498,Korla,CN,41.7597,86.1469,26.87,51,100,4.99,overcast clouds
499,Havre,FR,49.5833,0.3333,47.57,71,0,20.71,clear sky
500,Vavoua,CI,7.3819,-6.4778,97.18,8,56,5.86,broken clouds
501,Sampit,ID,-2.5333,112.95,74.46,95,100,2.39,overcast clouds
502,Semnan,IR,35.5729,53.3971,42.28,33,74,2.37,broken clouds
503,Ornskoldsvik,SE,63.2909,18.7153,18.55,73,11,8.05,few clouds
504,Chalons-En-Champagne,FR,48.9539,4.3672,44.67,73,92,17.34,overcast clouds
505,Illertissen,DE,48.2234,10.1035,39.81,78,99,21.47,light rain
506,Preili,LV,56.2944,26.7246,26.94,96,100,9.44,light snow
507,Vikulovo,RU,56.8167,70.6107,6.67,96,99,7.14,overcast clouds
508,Salym,RU,60.0625,71.4789,8.4,97,100,5.08,overcast clouds
509,Kati,ML,12.7441,-8.0726,94.41,7,3,13.94,clear sky
510,Komsomolskiy,UZ,40.4272,71.7189,35.02,80,100,4.61,fog
511,Bahia Blanca,AR,-38.7196,-62.2724,69.15,19,73,3.94,broken clouds
512,Baglung,NP,28.2719,83.5898,51.01,83,100,0.69,overcast clouds
513,Bintulu,MY,3.1667,113.0333,79.21,100,20,0,moderate rain
514,Kieta,PG,-6.2167,155.6333,80.11,84,90,4.09,overcast clouds
515,San-Pedro,CI,4.7485,-6.6363,86.34,59,8,11.65,clear sky
516,Alihe,CN,50.5667,123.7167,-0.99,96,98,2.75,overcast clouds
517,Borujerd,IR,33.8973,48.7516,35.6,53,100,5.68,overcast clouds
518,Simbahan,PH,6.3032,120.5836,82.67,77,6,12.73,clear sky
519,Chunoyar,RU,57.4467,97.3217,-4.5,100,95,1.23,overcast clouds
520,Lagoa,PT,39.05,-27.9833,59.07,70,61,23.87,broken clouds
521,Nabire,ID,-3.3667,135.4833,74.8,89,100,2.37,overcast clouds
522,Calabozo,VE,8.9242,-67.4293,84.52,49,48,8.12,scattered clouds
523,Souillac,MU,-20.5167,57.5167,82.78,74,75,12.66,light rain
524,Bambanglipuro,ID,-7.95,110.2833,64.6,88,100,3.42,overcast clouds
525,Fairview,US,40.8126,-73.999,27.23,67,0,5.75,clear sky
526,Srednekolymsk,RU,67.45,153.6833,-21.89,96,100,3.09,overcast clouds
527,Waingapu,ID,-9.6567,120.2641,79.81,76,100,12.59,overcast clouds
528,Jacksonville,US,30.3322,-81.6556,53.02,81,20,1.01,few clouds
529,Coihaique,CL,-45.5752,-72.0662,57.15,51,40,6.91,scattered clouds
530,Mastung,PK,29.7994,66.845,47.82,53,0,11.48,clear sky
531,Bichura,RU,50.5881,107.6022,-1.44,98,100,2.57,overcast clouds
532,Ananas,HT,19.2466,-71.9557,72.7,71,20,4.56,few clouds
533,May Pen,JM,17.9645,-77.2451,78.01,70,18,5.82,few clouds
534,Posevnaya,RU,54.3006,83.3297,14.9,97,100,8.28,overcast clouds
535,Hazelwood,US,38.7714,-90.3709,30.11,69,75,8.99,heavy snow
536,Rochester,US,43.1548,-77.6156,20.35,73,75,3,broken clouds
537,Willowmore,ZA,-33.2926,23.4895,90.1,31,59,9.26,broken clouds
538,Bogalusa,US,30.791,-89.8487,52.7,93,97,0,overcast clouds
539,Lingyuan,CN,41.24,119.4011,15.49,79,100,11.83,overcast clouds
540,Den Helder,NL,52.9599,4.7593,45.07,82,100,28.99,overcast clouds
541,Kailua,US,21.4022,-157.7394,70.74,87,0,3.44,clear sky
542,Belyy Yar,RU,53.6039,91.3903,-13.11,76,15,2.24,smoke
543,Udachnyy,RU,66.4167,112.4,-34.37,100,56,3.58,broken clouds
544,Nuuk,GL,64.1835,-51.7216,18.21,67,100,4.61,overcast clouds
545,Evensk,RU,61.95,159.2333,17.1,80,100,25.72,overcast clouds
546,Beaufort,MY,5.3473,115.7455,80.76,92,99,2.15,overcast clouds
547,Arai,JP,37.0167,138.25,30.34,95,100,3.44,snow
548,Sambava,MG,-14.2667,50.1667,83.57,74,2,17.63,light rain
549,Awjilah,LY,29.1081,21.2869,61.57,47,12,13.22,few clouds
550,Eresos,GR,39.1667,25.9333,53.11,55,10,7.78,clear sky
551,Juybar,IR,36.6412,52.9124,53.76,60,50,6.87,scattered clouds
552,Kholtoson,RU,50.2981,103.3097,-9.94,96,38,3.78,scattered clouds
553,Speightstown,BB,13.25,-59.65,83.01,74,96,14.07,overcast clouds
554,Guarapari,BR,-20.6667,-40.4975,93.09,68,100,7.65,overcast clouds
555,Lata,PT,40.1629,-8.3327,70.72,26,0,3.98,clear sky
556,Zhigansk,RU,66.7697,123.3711,-32.71,100,92,7.16,overcast clouds
557,Ginir,ET,7.1333,40.7,68.27,13,83,9.48,broken clouds
558,Pacific Grove,US,36.6177,-121.9166,51.96,90,0,1.01,clear sky
559,Ansermanuevo,CO,4.7972,-75.995,74.17,82,98,1.57,overcast clouds
560,Jagtial,IN,18.8,78.9333,72.95,20,0,1.54,clear sky
561,Orsha,BY,54.5153,30.4053,32.22,97,98,3.56,overcast clouds
562,Batouri,CM,4.4333,14.3667,95.77,10,100,3.44,overcast clouds
563,Champerico,GT,14.3,-91.9167,82.35,64,0,3.8,clear sky
564,Teya,RU,60.3778,92.6267,4.89,98,100,3.29,overcast clouds
565,Birao,CF,10.2849,22.7882,90.75,9,22,8.46,few clouds
566,Provideniya,RU,64.3833,-173.3,3.96,79,74,16.53,broken clouds
567,Kinablangan,PH,7.6947,126.5503,76.59,86,89,4.27,overcast clouds
568,Abeche,TD,13.8292,20.8324,82.35,10,2,10.83,clear sky
569,Tandil,AR,-37.3217,-59.1332,67.82,32,63,11.25,broken clouds
570,Thinadhoo,MV,0.5333,72.9333,82.96,73,36,11.99,scattered clouds
571,Yevlax,AZ,40.6089,47.1492,53.82,30,0,6.91,clear sky
572,Filadelfia,US,39.9523,-75.1638,27.32,62,75,5.99,broken clouds
573,Pandan,PH,14.0453,124.1694,77.74,87,99,16.2,overcast clouds
574,Cap Malheureux,MU,-19.9842,57.6142,82.89,65,100,8.99,overcast clouds
575,Santa Catarina De Tepehuanes,MX,25.35,-105.7333,39.09,64,47,6.29,scattered clouds
576,Grootfontein,NA,-19.5667,18.1167,74.77,64,86,1.3,moderate rain
577,Conde,BR,-7.2597,-34.9075,85.46,70,75,13.8,broken clouds
578,Leh,IN,34.1667,77.5833,9.32,91,100,1.99,overcast clouds
579,Oistins,BB,13.0667,-59.5333,82.49,74,40,17.27,scattered clouds
580,Havoysund,NO,70.9963,24.6622,25.68,87,79,11.41,light snow
581,Leshan,CN,29.5623,103.7639,48.18,72,100,2.01,overcast clouds
582,Pundaguitan,PH,6.3711,126.1689,81.1,77,100,17.29,overcast clouds
583,Amboasary,MG,-25.0333,46.3833,80.91,64,62,19.28,broken clouds
584,Barcelona,ES,41.3888,2.159,64.29,60,20,1.01,few clouds
585,Boca Do Acre,BR,-8.7522,-67.3978,79.21,80,100,3.2,overcast clouds
586,Great Malvern,GB,52.1116,-2.3252,46.71,82,77,1.99,light rain
587,Usinsk,RU,65.9939,57.5281,2.53,96,100,8.5,overcast clouds
588,Calbuco,CL,-41.768,-73.1273,60.01,64,13,9.04,few clouds
589,Shimanovsk,RU,52,127.7,-4.38,94,14,5.95,few clouds
590,Pasighat,IN,28.0667,95.3333,57.07,63,50,3.91,scattered clouds
591,Dobson,US,36.3957,-80.7226,38.52,59,40,0,scattered clouds
592,Kalbay,PH,5.7233,125.4986,78.15,87,100,9.95,overcast clouds
593,Hong Gai,VN,20.956,107.0946,55.31,88,100,4.56,overcast clouds
594,Byron Bay,AU,-28.65,153.6167,77.05,88,16,1.83,few clouds
595,Wanning,CN,18.8003,110.3967,70.07,90,93,11.68,overcast clouds
596,Jimo,CN,36.3897,120.4622,26.38,59,0,4.47,clear sky
597,La Plata,AR,-34.9215,-57.9545,76.03,28,72,10.8,broken clouds
598,Kunigal,IN,13.0222,77.0267,78.31,38,7,3.85,clear sky
599,Pangnirtung,CA,66.1451,-65.7125,-25.6,75,20,0,few clouds
600,Hoganas,SE,56.1997,12.558,37.49,55,42,3,scattered clouds
601,Shenjiamen,CN,29.9576,122.298,41.85,59,100,3.11,light rain
602,Paragominas,BR,-2.9667,-47.4833,83.26,65,98,3.78,overcast clouds
603,Troitskoye,RU,52.9821,84.6757,7.56,94,100,3.27,overcast clouds
604,Sepolno Krajenskie,PL,53.452,17.5317,37.67,72,99,5.39,overcast clouds
605,Nizhniy Novgorod,RU,56.3287,44.002,26.11,93,100,6.71,shower snow
606,Miri,MY,4.4148,114.0089,77.14,100,40,0,scattered clouds
607,Kyzyl-Suu,KG,42.3414,78.0056,17.51,64,29,9.44,scattered clouds
608,Odessa,UA,46.4775,30.7326,39.13,65,40,6.71,scattered clouds
609,Puerto Madryn,AR,-42.7692,-65.0385,69.03,25,90,17.45,overcast clouds
610,Iwanai,JP,42.9744,140.5089,18.79,79,96,4.34,overcast clouds
611,Maungaturoto,NZ,-36.1,174.3667,69.19,89,100,12.26,overcast clouds
612,Manaure,CO,11.7751,-72.4445,82.51,56,5,9.64,clear sky
613,Nakhon Sawan,TH,15.7,100.0833,80.92,43,5,7.36,clear sky
614,Honiara,SB,-9.4333,159.95,78.08,87,93,0.54,overcast clouds
615,North Bend,US,43.4065,-124.2243,40.87,99,100,5.75,overcast clouds
616,Simao,CN,22.7886,100.9748,49.64,69,0,2.91,clear sky
617,Tabas,IR,33.5959,56.9244,51.98,24,62,1.54,broken clouds
618,Fort Nelson,CA,58.8053,-122.7002,-9.81,77,75,3.44,light snow
619,Rodrigues Alves,BR,-7.738,-72.6509,77.2,66,79,0.85,broken clouds
620,Novyy Urengoy,RU,66.0833,76.6333,-2.76,100,100,5.73,overcast clouds
621,Ingham,US,42.6,-84.3833,24.42,87,100,3.44,mist
622,Djambala,CG,-2.5447,14.7533,87.1,38,90,0.72,overcast clouds
623,Owerri,NG,5.4833,7.0304,96.73,12,88,6.2,overcast clouds
624,Villa Carlos Paz,AR,-31.4241,-64.4978,77.4,10,0,10,clear sky
625,Lufilufi,WS,-13.8745,-171.5986,73.18,72,100,9.93,overcast clouds
626,Hoshcha,UA,50.6003,26.6744,30.45,84,88,15.37,overcast clouds
627,Huarmey,PE,-10.0681,-78.1522,73.8,78,72,7.83,broken clouds
628,Burnie,AU,-41.0667,145.9167,69.93,95,97,6.29,overcast clouds
629,Pingliang,CN,35.5392,106.6861,10.22,85,25,5.06,scattered clouds
630,Natal,BR,-5.795,-35.2094,88.02,62,40,18.41,scattered clouds
631,Buala,SB,-8.145,159.5921,79.79,80,71,3.98,light rain
632,San Pedro,PH,14.35,121.0167,79.83,76,20,9.22,few clouds
633,Saverne,FR,48.8333,7.25,42.93,75,98,17.9,overcast clouds
634,Nurota,UZ,40.5614,65.6886,41.09,63,64,5.86,broken clouds
635,Mangrul Pir,IN,20.3167,77.35,73.2,19,0,5.57,clear sky
636,Kishtwar,IN,33.3167,75.7667,39.47,91,100,1.1,overcast clouds
637,Troitsko-Pechorsk,RU,62.7084,56.1964,-5.4,100,70,2.15,broken clouds
638,Sangar,RU,63.9242,127.4739,-34.58,100,100,0.98,overcast clouds
639,Manavalakurichi,IN,8.1333,77.3,79,80,6,8.43,clear sky
640,Kondagaon,IN,19.6,81.6667,63.48,26,4,3.13,clear sky
641,Dong Hoi,VN,17.4833,106.6,63.64,90,100,13.96,overcast clouds
642,Borova,UA,50.1763,30.1043,32.25,92,100,16.02,overcast clouds
643,Mayna,RU,54.1135,47.6231,27.05,96,100,13.04,light snow
644,Cururupu,BR,-1.8283,-44.8683,80.53,83,78,4.9,broken clouds
645,Paamiut,GL,61.994,-49.6678,28.47,76,100,30.22,overcast clouds
646,Mirnyy,RU,62.5353,113.9611,-7.82,99,100,3.89,overcast clouds
647,Skjervoy,NO,70.0311,20.9714,26.78,62,58,13.31,broken clouds
648,Gigmoto,PH,13.7796,124.39,78.01,87,100,14.25,overcast clouds
649,Kropotkin,RU,45.4375,40.5756,39.02,87,98,15.26,moderate rain
650,Port Shepstone,ZA,-30.7414,30.455,80.2,82,88,18.3,overcast clouds
651,Namtsy,RU,62.7161,129.6658,-18.29,100,100,1.66,overcast clouds
652,Lukovetskiy,RU,64.2956,41.9211,17.58,97,100,4.16,light snow
653,Tenenkou,ML,14.4572,-4.9169,93.85,8,14,16.24,few clouds
654,Bubaque,GW,11.2833,-15.8333,78.44,74,88,11.32,overcast clouds
655,Lasem,ID,-6.6922,111.4527,77.67,89,100,5.32,overcast clouds
656,Xuzhou,CN,34.1805,117.1571,35.19,28,67,1.59,broken clouds
657,Asau,RO,46.4333,26.4,38.32,73,41,8.61,scattered clouds
658,Moron,AR,-34.6534,-58.6198,76.01,34,74,5.99,broken clouds
659,Dunkirk,FR,51.05,2.3667,45.01,52,100,11.01,overcast clouds
660,Hami,CN,42.8,93.45,24.42,38,8,3.47,clear sky
661,Anavra,GR,39.2,22.0833,53.76,62,18,2.82,few clouds
662,Ossora,RU,59.2353,163.0719,21.31,95,100,18.14,snow
663,Severo-Yeniseyskiy,RU,60.3725,93.0408,2.66,97,100,3.58,overcast clouds
664,Camacha,PT,33.0833,-16.3333,63.82,77,40,23.02,scattered clouds
665,Grindavik,IS,63.8424,-22.4338,34.27,100,100,11.5,light intensity drizzle
666,Eching,DE,48.3,11.6167,40.77,77,75,15.99,broken clouds
667,Privolzhye,RU,52.8649,48.6044,31.96,97,100,16.37,snow
668,Beloha,MG,-25.1667,45.05,80.01,59,20,18.07,few clouds
669,Penzance,GB,50.1186,-5.5371,50.68,76,20,24.16,few clouds
670,Christchurch,NZ,-43.5333,172.6333,64.94,79,100,1.99,overcast clouds
671,Santa Maria,BR,-29.6842,-53.8069,83.5,58,20,3.44,few clouds
672,Kirakira,SB,-10.4544,161.9205,80.22,85,80,4.81,broken clouds
673,Kataysk,RU,56.289,62.5841,1.04,100,69,2.26,broken clouds
674,Bay City,US,43.5945,-83.8889,23.49,82,100,4.61,overcast clouds
675,Moree,AU,-29.4667,149.85,71.62,78,96,10.36,overcast clouds
676,Acapulco,MX,16.8634,-99.8901,73.22,94,0,3.44,clear sky
677,Santa Isabel Do Rio Negro,BR,-0.4139,-65.0192,88.2,51,21,5.26,few clouds
678,Thai Binh,VN,20.45,106.3333,55.4,85,100,8.21,overcast clouds
679,Vila Velha,BR,-20.3297,-40.2925,93.15,67,0,8.01,clear sky
680,Gotsu,JP,35,132.2167,38.46,66,38,8.34,scattered clouds
681,Chapais,CA,49.7834,-74.8492,-18.62,91,51,3.51,broken clouds
682,Mercedes,AR,-34.6515,-59.4307,75.85,28,67,11.79,broken clouds
683,Oga,IT,46.4631,10.347,39.81,86,81,12.64,light snow
684,Matay,EG,28.419,30.7792,61.65,45,88,16.6,overcast clouds
685,Baykit,RU,61.67,96.37,-1.88,99,100,1.01,overcast clouds
686,Glasgow,GB,55.8652,-4.2576,45.64,71,40,14.97,scattered clouds
687,Nouakchott,MR,18.0858,-15.9785,87.73,28,100,4.05,overcast clouds
688,Tilichiki,RU,60.4667,166.1,7.38,95,100,10.16,light snow
689,Ambilobe,MG,-13.2,49.05,79.05,86,75,3.18,moderate rain
690,Ejura,GH,7.3856,-1.3562,97.54,6,96,7.47,overcast clouds
691,Pochinki,RU,54.6988,44.8668,29.89,94,99,10.36,overcast clouds
692,Chichli,IN,22.8333,78.8167,64.81,29,0,2.89,clear sky
693,Texarkana,US,33.4251,-94.0477,46.62,61,0,5.75,clear sky
694,Madang,PG,-5.2246,145.7966,75.9,93,100,7.9,moderate rain
695,Sioux Lookout,CA,50.1001,-91.917,12.58,92,40,6.91,scattered clouds
696,Kindu,CD,-2.95,25.95,73.78,87,100,1.79,overcast clouds
697,Sussex,US,41.1834,-74.6663,24.53,58,97,1.7,overcast clouds
698,Boende,CD,-0.2167,20.8667,99.27,15,45,1.72,scattered clouds
699,Khammam,IN,17.25,80.15,72.7,22,0,1.34,clear sky
700,Jaru,BR,-10.4389,-62.4664,76.21,93,98,4.21,light rain
701,Abapo,BO,-18.8333,-63.4667,90.73,28,99,3.24,overcast clouds
702,Acarau,BR,-2.8856,-40.12,87.37,59,47,15.08,scattered clouds
703,Bonthe,SL,7.5264,-12.505,86.56,60,23,14.85,few clouds
704,Comodoro Rivadavia,AR,-45.8667,-67.5,66.06,27,0,14.97,clear sky
705,Aden,YE,12.7794,45.0367,77.67,62,10,9.1,clear sky
706,Bandarban,BD,22.1965,92.2262,65.91,62,0,2.1,clear sky
707,Bograd,RU,54.2344,90.8328,-15.05,93,20,4.05,few clouds
708,Tigil,RU,57.8,158.6667,13.93,79,4,10.87,clear sky
709,Punta Alta,AR,-38.8759,-62.0736,68.65,21,88,4.59,overcast clouds
710,Gizo,SB,-8.103,156.8419,82.4,77,99,5.03,light rain
711,Sandpoint,US,48.2766,-116.5533,32.74,87,100,3,overcast clouds
712,Gadsden,US,34.0143,-86.0066,42.19,93,0,0,clear sky
713,Ballina,AU,-28.8667,153.5667,73.58,94,40,0,scattered clouds
714,Sechura,PE,-5.5569,-80.8222,76.21,64,100,6.02,overcast clouds
715,Santa Rosa,PH,14.3122,121.1114,80.58,76,90,12.77,overcast clouds
716,Springdale,US,36.1867,-94.1288,42.06,72,0,4,clear sky
717,Lamu,KE,-2.2717,40.902,82.62,76,94,12.03,overcast clouds
718,Dungarpur,IN,23.8333,73.7167,71.44,40,0,7.9,clear sky
719,Viedma,AR,-40.8135,-62.9967,71.87,20,100,13.8,overcast clouds
720,San Jeronimo,PE,-11.9472,-75.2829,54.52,63,93,2.39,overcast clouds
721,Otradnoye,RU,59.7775,30.8181,27.55,97,100,5.21,light snow
722,Shizunai,JP,42.3339,142.3669,18.16,76,11,13.51,few clouds
723,Bodrum,TR,37.0383,27.4292,60.28,59,3,14.36,clear sky
724,Huambo,AO,-12.7761,15.7392,76.17,44,96,8.79,overcast clouds
725,Elliot Lake,CA,46.3834,-82.6331,8.69,83,57,3.2,broken clouds
